編號,地震時間,經度,緯度,規模,深度,最大震度,位置
小區域有感地震,2025-04-19 21:39:35,121.859,24.6305,4.1,65.8,1,宜蘭縣政府東南方  14.8  公里 (位於宜蘭縣近海)(宜蘭縣近海)
083   ,2025-04-09 09:53:25,121.809,24.5977,5.8,72.4,4,宜蘭縣政府南南東方  15.5  公里 (位於宜蘭縣蘇澳鎮)(宜蘭縣蘇澳鎮)
082   ,2025-04-08 23:26:35,123.173,24.5428,5.9,15.3,3,宜蘭縣政府東方  144.2  公里 (位於臺灣東部海域)(臺灣東部海域)
076   ,2025-03-25 09:40:48,121.625,23.9265,5.2,34.8,4,花蓮縣政府南方  7.2  公里 (位於花蓮縣近海)(花蓮縣近海)
070   ,2025-03-13 13:09:39,121.409,23.1102,5.7,18.6,4,臺東縣政府東北方  47.4  公里 (位於臺東縣近海)(臺東縣近海)
048   ,2025-01-30 10:11:54,120.583,23.2347,5.6,12.1,5強,臺南市政府東北東方  48.8  公里 (位於臺南市南化區)(臺南市南化區)
040   ,2025-01-26 07:38:53,120.514,23.1613,5.8,14.4,4,臺南市政府東北東方  38.6  公里 (位於臺南市楠西區)(臺南市楠西區)
035   ,2025-01-25 19:49:17,120.5,23.2572,5.7,9.2,4,臺南市政府東北方  43.6  公里 (位於臺南市東山區)(臺南市東山區)
028   ,2025-01-22 19:55:43,121.427,23.7803,4.9,13.5,4,花蓮縣政府西南方  30.5  公里 (位於花蓮縣萬榮鄉)(花蓮縣萬榮鄉)
007   ,2025-01-21 00:17:26,120.547,23.2217,6.4,15.8,6弱,臺南市政府東北東方  44.9  公里 (位於臺南市楠西區)(臺南市楠西區)
002   ,2025-01-06 18:46:00,121.403,24.4365,4.4,5.3,4,宜蘭縣政府西南方  48.9  公里 (位於宜蘭縣大同鄉)(宜蘭縣大同鄉)
513   ,2024-12-26 16:08:51,121.708,23.962,5.3,26.2,4,花蓮縣政府東南東方  9.5  公里 (位於臺灣東部海域)(臺灣東部海域)
506   ,2024-11-27 23:32:24,121.669,24.0757,5.3,40.3,3,花蓮縣政府北北東方  10.6  公里 (位於花蓮縣近海)(花蓮縣近海)
492   ,2024-11-14 10:38:16,121.621,23.9023,5.4,33.2,4,花蓮縣政府南方  9.8  公里 (位於花蓮縣近海)(花蓮縣近海)
489   ,2024-11-07 01:19:39,121.551,23.5643,5.5,32.5,4,花蓮縣政府南方  47.8  公里 (位於花蓮縣近海)(花蓮縣近海)
487   ,2024-11-01 00:18:19,121.539,23.5625,5.5,33.1,4,花蓮縣政府南方  48.2  公里 (位於花蓮縣近海)(花蓮縣近海)
486   ,2024-10-27 18:21:45,121.621,24.0125,5.4,31.5,4,花蓮縣政府北方  2.4  公里 (位於花蓮縣花蓮市)(花蓮縣花蓮市)
481   ,2024-10-16 21:58:21,121.658,24.0357,5.3,35.8,3,花蓮縣政府東北方  6.3  公里 (位於花蓮縣近海)(花蓮縣近海)
480   ,2024-10-14 21:17:15,121.81,24.2027,5.1,31.2,4,花蓮縣政府東北方  30.4  公里 (位於臺灣東部海域)(臺灣東部海域)
472   ,2024-09-21 18:51:08,121.669,24.2502,5.3,22.6,4,花蓮縣政府北方  29.1  公里 (位於花蓮縣秀林鄉)(花蓮縣秀林鄉)
460   ,2024-09-02 16:26:25,121.64,23.9255,5.6,32.7,4,花蓮縣政府南南東方  7.5  公里 (位於花蓮縣近海)(花蓮縣近海)
458   ,2024-08-29 04:14:52,121.663,24.1753,5,27,3,花蓮縣政府北北東方  20.9  公里 (位於花蓮縣近海)(花蓮縣近海)
454   ,2024-08-17 21:10:12,121.866,24.4133,5.1,12.5,4,宜蘭縣政府南南東方  36.7  公里 (位於宜蘭縣近海)(宜蘭縣近海)
447   ,2024-08-16 07:35:55,121.705,23.7828,6.3,19.4,4,花蓮縣政府南南東方  24.6  公里 (位於臺灣東部海域)(臺灣東部海域)
442   ,2024-08-15 17:06:46,121.871,24.4027,5.8,12,5弱,宜蘭縣政府南南東方  38.0  公里 (位於宜蘭縣近海)(宜蘭縣近海)
434   ,2024-07-26 10:23:59,121.659,24.143,5.1,40.9,4,花蓮縣政府北北東方  17.3  公里 (位於花蓮縣近海)(花蓮縣近海)
417   ,2024-06-12 05:51:33,121.612,23.7928,5,33.2,3,花蓮縣政府南方  22.0  公里 (位於花蓮縣近海)(花蓮縣近海)
410   ,2024-06-01 01:10:59,121.533,24.0605,5.5,18.1,4,花蓮縣政府西北方  11.7  公里 (位於花蓮縣秀林鄉)(花蓮縣秀林鄉)
408   ,2024-05-30 09:11:39,121.651,24.1917,5.3,32.3,4,花蓮縣政府北方  22.4  公里 (位於花蓮縣秀林鄉)(花蓮縣秀林鄉)
396   ,2024-05-22 16:00:40,121.739,23.8287,5.3,5.9,4,花蓮縣政府東南方  21.7  公里 (位於臺灣東部海域)(臺灣東部海域)
382   ,2024-05-10 15:45:18,121.834,24.2315,6,7.7,4,花蓮縣政府東北方  34.4  公里 (位於臺灣東部海域)(臺灣東部海域)
373   ,2024-05-06 17:52:46,121.541,23.7533,5.9,24.8,4,花蓮縣政府南南西方  27.5  公里 (位於花蓮縣壽豐鄉)(花蓮縣壽豐鄉)
372   ,2024-05-06 17:45:32,121.562,23.7658,6,27.7,4,花蓮縣政府南南西方  25.6  公里 (位於花蓮縣壽豐鄉)(花蓮縣壽豐鄉)
361   ,2024-04-29 01:40:21,121.664,24.149,5.1,37.1,3,花蓮縣政府北北東方  18.0  公里 (位於花蓮縣近海)(花蓮縣近海)
355   ,2024-04-27 03:13:28,121.662,24.1912,5,33.2,4,花蓮縣政府北北東方  22.6  公里 (位於花蓮縣近海)(花蓮縣近海)
353   ,2024-04-27 02:49:29,121.687,24.2505,6,29.4,4,花蓮縣政府北北東方  29.5  公里 (位於花蓮縣秀林鄉)(花蓮縣秀林鄉)
351   ,2024-04-27 02:21:24,121.675,24.1828,6.3,35.5,4,花蓮縣政府北北東方  22.0  公里 (位於花蓮縣近海)(花蓮縣近海)
340   ,2024-04-25 02:12:17,122.338,23.9983,5.7,22.8,3,花蓮縣政府東方  73.1  公里 (位於臺灣東部海域)(臺灣東部海域)
339   ,2024-04-25 02:11:54,122.336,23.9807,5.7,24.8,3,花蓮縣政府東方  72.8  公里 (位於臺灣東部海域)(臺灣東部海域)
318   ,2024-04-23 10:21:00,121.541,23.859,5.5,8.9,5弱,花蓮縣政府南南西方  16.7  公里 (位於花蓮縣壽豐鄉)(花蓮縣壽豐鄉)
317   ,2024-04-23 09:45:45,121.575,23.814,5.4,7.4,4,花蓮縣政府南南西方  20.1  公里 (位於花蓮縣壽豐鄉)(花蓮縣壽豐鄉)
310   ,2024-04-23 08:11:01,121.59,23.8878,5.2,11.6,4,花蓮縣政府南南西方  11.8  公里 (位於花蓮縣壽豐鄉)(花蓮縣壽豐鄉)
307   ,2024-04-23 08:04:05,121.572,23.8352,6.1,11.7,6弱,花蓮縣政府南南西方  18.0  公里 (位於花蓮縣壽豐鄉)(花蓮縣壽豐鄉)
300   ,2024-04-23 05:31:39,121.541,23.8518,5.7,7.7,5強,花蓮縣政府南南西方  17.4  公里 (位於花蓮縣壽豐鄉)(花蓮縣壽豐鄉)
295   ,2024-04-23 05:19:43,121.537,23.7573,5.7,5.8,5強,花蓮縣政府南南西方  27.2  公里 (位於花蓮縣壽豐鄉)(花蓮縣壽豐鄉)
小區域有感地震,2024-04-23 05:19:36,121.551,23.7788,5.3,9.7,5弱,花蓮縣政府南南西方  24.5  公里 (位於花蓮縣壽豐鄉)(花蓮縣壽豐鄉)
289   ,2024-04-23 05:04:21,121.507,23.7037,5.5,4,5弱,花蓮縣政府南南西方  33.8  公里 (位於花蓮縣豐濱鄉)(花蓮縣豐濱鄉)
287   ,2024-04-23 04:53:29,121.51,23.7668,5.1,4.9,4,花蓮縣政府南南西方  27.3  公里 (位於花蓮縣壽豐鄉)(花蓮縣壽豐鄉)
286   ,2024-04-23 04:52:56,121.518,23.7713,5.4,6.7,4,花蓮縣政府南南西方  26.5  公里 (位於花蓮縣壽豐鄉)(花蓮縣壽豐鄉)
285   ,2024-04-23 04:49:58,121.564,23.736,5.8,8.8,5弱,花蓮縣政府南南西方  28.8  公里 (位於花蓮縣近海)(花蓮縣近海)
281   ,2024-04-23 04:03:07,121.604,23.828,5.2,8.1,4,花蓮縣政府南方  18.1  公里 (位於花蓮縣近海)(花蓮縣近海)
267   ,2024-04-23 02:32:48,121.521,23.8482,6.2,7.7,5弱,花蓮縣政府西南方  18.8  公里 (位於花蓮縣壽豐鄉)(花蓮縣壽豐鄉)
266   ,2024-04-23 02:26:52,121.613,23.74,6.1,9.2,5弱,花蓮縣政府南方  27.8  公里 (位於花蓮縣近海)(花蓮縣近海)
248   ,2024-04-22 22:11:24,121.502,23.7752,5.9,8.6,4,花蓮縣政府南南西方  26.8  公里 (位於花蓮縣壽豐鄉)(花蓮縣壽豐鄉)
246   ,2024-04-22 21:13:40,121.53,23.6975,5.4,5.9,6強,花蓮縣政府南南西方  33.8  公里 (位於花蓮縣豐濱鄉)(花蓮縣豐濱鄉)
232   ,2024-04-22 19:13:12,121.534,23.8232,5.4,8.2,4,花蓮縣政府南南西方  20.6  公里 (位於花蓮縣壽豐鄉)(花蓮縣壽豐鄉)
228   ,2024-04-22 18:50:31,121.545,23.75,5.7,6.8,4,花蓮縣政府南南西方  27.8  公里 (位於花蓮縣豐濱鄉)(花蓮縣豐濱鄉)
226   ,2024-04-22 18:46:22,121.532,23.7597,5.5,5.4,4,花蓮縣政府南南西方  27.1  公里 (位於花蓮縣壽豐鄉)(花蓮縣壽豐鄉)
220   ,2024-04-22 17:12:10,121.541,23.7867,5.3,8,4,花蓮縣政府南南西方  24.0  公里 (位於花蓮縣壽豐鄉)(花蓮縣壽豐鄉)
218   ,2024-04-22 17:08:39,121.54,23.7555,5.6,10.3,4,花蓮縣政府南南西方  27.3  公里 (位於花蓮縣壽豐鄉)(花蓮縣壽豐鄉)
214   ,2024-04-22 00:35:52,121.665,24.1933,5.4,32.2,4,花蓮縣政府北北東方  22.9  公里 (位於花蓮縣近海)(花蓮縣近海)
211   ,2024-04-21 10:40:56,121.558,23.533,5.6,35.5,4,花蓮縣政府南方  51.1  公里 (位於花蓮縣近海)(花蓮縣近海)
210   ,2024-04-19 22:25:52,121.769,24.3383,4.6,20.4,4,宜蘭縣政府南方  43.5  公里 (位於宜蘭縣近海)(宜蘭縣近海)
209   ,2024-04-17 17:17:10,121.656,23.9235,5.4,33.8,4,花蓮縣政府南南東方  8.3  公里 (位於花蓮縣近海)(花蓮縣近海)
208   ,2024-04-17 02:59:50,121.753,24.1277,5.2,31.5,4,花蓮縣政府東北方  20.3  公里 (位於臺灣東部海域)(臺灣東部海域)
182   ,2024-04-09 06:14:08,121.696,23.992,5,27.6,4,花蓮縣政府東方  7.8  公里 (位於花蓮縣近海)(花蓮縣近海)
181   ,2024-04-09 02:02:37,121.656,23.9365,5.4,35.4,4,花蓮縣政府南南東方  7.1  公里 (位於花蓮縣近海)(花蓮縣近海)
179   ,2024-04-08 13:09:35,121.823,24.2157,5.2,24.5,4,花蓮縣政府東北方  32.3  公里 (位於臺灣東部海域)(臺灣東部海域)
172   ,2024-04-07 18:01:22,121.971,24.1607,5.6,41.7,4,花蓮縣政府東北東方  40.3  公里 (位於臺灣東部海域)(臺灣東部海域)
164   ,2024-04-06 23:53:11,121.85,24.195,5.1,22.1,4,花蓮縣政府東北方  32.5  公里 (位於臺灣東部海域)(臺灣東部海域)
160   ,2024-04-06 18:47:13,121.666,23.9365,5.3,34,4,花蓮縣政府東南方  7.6  公里 (位於花蓮縣近海)(花蓮縣近海)
154   ,2024-04-06 11:52:55,121.728,24.1908,5.3,20.5,4,花蓮縣政府北北東方  24.7  公里 (位於花蓮縣近海)(花蓮縣近海)
152   ,2024-04-06 04:26:27,121.75,23.9668,5.4,26,4,花蓮縣政府東方  13.5  公里 (位於臺灣東部海域)(臺灣東部海域)
138   ,2024-04-05 12:50:51,121.697,24.118,5.5,18,4,花蓮縣政府北北東方  16.1  公里 (位於花蓮縣近海)(花蓮縣近海)
129   ,2024-04-05 02:35:02,121.656,24.1718,5.5,30.9,4,花蓮縣政府北北東方  20.4  公里 (位於花蓮縣近海)(花蓮縣近海)
128   ,2024-04-05 01:24:51,121.753,24.2378,4.9,15.5,4,花蓮縣政府北北東方  30.5  公里 (位於花蓮縣近海)(花蓮縣近海)
125   ,2024-04-04 22:30:06,121.778,24.2472,5.2,15,4,花蓮縣政府北北東方  32.6  公里 (位於花蓮縣近海)(花蓮縣近海)
117   ,2024-04-04 10:02:56,121.699,24.184,4.8,18.9,4,花蓮縣政府北北東方  22.8  公里 (位於花蓮縣近海)(花蓮縣近海)
099   ,2024-04-03 23:42:36,121.678,24.1688,5.1,18.8,4,花蓮縣政府北北東方  20.6  公里 (位於花蓮縣近海)(花蓮縣近海)
小區域有感地震,2024-04-03 12:34:44,121.656,24.038,5.3,41.1,4,花蓮縣政府東北方  6.4  公里 (位於花蓮縣近海)(花蓮縣近海)
057   ,2024-04-03 11:57:18,121.601,23.8135,5.2,27.8,4,花蓮縣政府南方  19.8  公里 (位於花蓮縣近海)(花蓮縣近海)
053   ,2024-04-03 11:20:55,121.642,24.162,5.2,32.8,4,花蓮縣政府北方  19.1  公里 (位於花蓮縣秀林鄉)(花蓮縣秀林鄉)
小區域有感地震,2024-04-03 10:28:27,121.797,24.2247,5.4,24.3,4,花蓮縣政府東北方  31.5  公里 (位於花蓮縣近海)(花蓮縣近海)
048   ,2024-04-03 10:28:17,121.786,24.2053,5.3,9.3,4,花蓮縣政府東北方  29.1  公里 (位於臺灣東部海域)(臺灣東部海域)
小區域有感地震,2024-04-03 10:16:04,121.952,24.1308,5,24.8,3,花蓮縣政府東北東方  37.1  公里 (位於臺灣東部海域)(臺灣東部海域)
045   ,2024-04-03 10:14:34,121.976,24.1468,6.2,26.9,4,花蓮縣政府東北東方  40.1  公里 (位於臺灣東部海域)(臺灣東部海域)
043   ,2024-04-03 09:53:58,121.544,23.8707,5.2,15.9,4,花蓮縣政府南南西方  15.4  公里 (位於花蓮縣壽豐鄉)(花蓮縣壽豐鄉)
小區域有感地震,2024-04-03 09:39:48,121.814,23.7948,5.9,13.9,4,花蓮縣政府東南方  29.4  公里 (位於臺灣東部海域)(臺灣東部海域)
040   ,2024-04-03 09:39:37,121.773,23.8047,5.6,20.4,4,花蓮縣政府東南方  25.9  公里 (位於臺灣東部海域)(臺灣東部海域)
039   ,2024-04-03 09:17:43,121.671,24.0422,5.2,35.7,4,花蓮縣政府東北方  7.6  公里 (位於花蓮縣近海)(花蓮縣近海)
小區域有感地震,2024-04-03 09:09:37,121.689,24.182,5.4,9.7,4,花蓮縣政府北北東方  22.3  公里 (位於花蓮縣近海)(花蓮縣近海)
034   ,2024-04-03 09:09:27,121.772,24.1068,5,27.5,4,花蓮縣政府東北方  20.1  公里 (位於臺灣東部海域)(臺灣東部海域)
031   ,2024-04-03 08:50:46,121.572,23.8293,5.5,20.5,4,花蓮縣政府南南西方  18.6  公里 (位於花蓮縣壽豐鄉)(花蓮縣壽豐鄉)
030   ,2024-04-03 08:46:44,121.7,24.1853,5.6,6.1,4,花蓮縣政府北北東方  23.0  公里 (位於花蓮縣近海)(花蓮縣近海)
小區域有感地震,2024-04-03 08:43:55,121.543,23.9857,5.4,9.5,4,花蓮縣政府西方  7.9  公里 (位於花蓮縣吉安鄉)(花蓮縣吉安鄉)
026   ,2024-04-03 08:35:36,121.706,24.2005,5.7,7.3,4,花蓮縣政府北北東方  24.8  公里 (位於花蓮縣近海)(花蓮縣近海)
小區域有感地震,2024-04-03 08:31:14,121.599,23.9222,5.2,25.1,4,花蓮縣政府南南西方  7.9  公里 (位於花蓮縣壽豐鄉)(花蓮縣壽豐鄉)
025   ,2024-04-03 08:30:57,121.85,24.1973,4.2,5.9,4,花蓮縣政府東北方  32.7  公里 (位於臺灣東部海域)(臺灣東部海域)
024   ,2024-04-03 08:27:02,121.571,23.8275,4.9,22.5,3,花蓮縣政府南南西方  18.8  公里 (位於花蓮縣壽豐鄉)(花蓮縣壽豐鄉)
022   ,2024-04-03 08:17:37,121.699,24.036,5.4,31.1,4,花蓮縣政府東北東方  9.5  公里 (位於花蓮縣近海)(花蓮縣近海)
小區域有感地震,2024-04-03 08:12:54,121.645,24.1577,5.2,7.7,4,花蓮縣政府北方  18.6  公里 (位於花蓮縣秀林鄉)(花蓮縣秀林鄉)
021   ,2024-04-03 08:11:26,121.651,24.13,6.5,13.4,5弱,花蓮縣政府北北東方  15.7  公里 (位於花蓮縣近海)(花蓮縣近海)
小區域有感地震,2024-04-03 08:01:51,121.659,24.0083,5.4,37,2,花蓮縣政府東北東方  4.4  公里 (位於花蓮縣近海)(花蓮縣近海)
020   ,2024-04-03 08:00:19,121.585,23.8075,5.7,30.7,3,花蓮縣政府南方  20.6  公里 (位於花蓮縣近海)(花蓮縣近海)
019   ,2024-04-03 07:58:09,121.574,23.8757,7.1,19.7,6強,花蓮縣政府南南西方  13.6  公里 (位於花蓮縣壽豐鄉)(花蓮縣壽豐鄉)
014   ,2024-03-21 18:49:52,121.525,24.077,5.3,21.3,4,花蓮縣政府西北方  13.6  公里 (位於花蓮縣秀林鄉)(花蓮縣秀林鄉)
小區域有感地震,2023-10-25 08:12:01,121.092,24.6167,3.7,3.5,4,新竹縣政府南南東方  24.6  公里 (位於新竹縣五峰鄉)(新竹縣五峰鄉)
076   ,2023-10-24 07:05:25,122.624,24.0012,6.2,31.5,3,花蓮縣政府東方  102.2  公里 (位於臺灣東部海域)(臺灣東部海域)
074   ,2023-10-22 14:52:11,121.932,24.7532,4.5,79.1,3,宜蘭縣政府東方  17.3  公里 (位於臺灣東部海域)(臺灣東部海域)
072   ,2023-10-14 15:53:31,122.302,23.9982,5.3,23.2,2,花蓮縣政府東方  69.3  公里 (位於臺灣東部海域)(臺灣東部海域)
070   ,2023-10-11 18:36:57,121.244,23.2737,5.8,14.5,5弱,花蓮縣政府南南西方  88.2  公里 (位於花蓮縣卓溪鄉)(花蓮縣卓溪鄉)
069   ,2023-09-15 18:34:30,121.828,24.3835,5.3,43.1,4,宜蘭縣政府南方  39.1  公里 (位於宜蘭縣近海)(宜蘭縣近海)
065   ,2023-09-05 17:30:41,120.385,23.5255,5.5,9.9,5弱,嘉義縣政府東北方  12.0  公里 (位於嘉義縣新港鄉)(嘉義縣新港鄉)
小區域有感地震,2023-08-24 13:39:25,122.006,24.734,4.6,73,2,宜蘭縣政府東方  24.5  公里 (位於臺灣東部海域)(臺灣東部海域)
058   ,2023-08-10 10:02:17,121.949,24.7942,5,91.2,2,宜蘭縣政府東北東方  20.1  公里 (位於臺灣東部海域)(臺灣東部海域)
小區域有感地震,2023-08-06 13:12:41,121.801,24.5885,4.6,64.8,2,宜蘭縣政府南南東方  16.2  公里 (位於宜蘭縣南澳鄉)(宜蘭縣南澳鄉)
小區域有感地震,2023-07-28 21:17:54,121.889,24.7208,4.6,77.7,3,宜蘭縣政府東方  12.8  公里 (位於宜蘭縣近海)(宜蘭縣近海)
051   ,2023-07-10 06:11:33,121.513,24.0522,5.3,20.1,4,花蓮縣政府西北西方  12.8  公里 (位於花蓮縣秀林鄉)(花蓮縣秀林鄉)
小區域有感地震,2023-05-27 19:06:38,121.056,24.745,2.3,9.1,2,新竹縣政府南南東方  10.1  公里 (位於新竹縣竹東鎮)(新竹縣竹東鎮)
小區域有感地震,2023-05-08 17:23:12,122.667,24.6712,5.4,114.8,2,宜蘭縣政府東方  91.7  公里 (位於臺灣東部海域)(臺灣東部海域)
025   ,2023-04-01 04:02:17,120.956,24.4323,4.4,1.8,3,苗栗縣政府東南方  20.1  公里 (位於苗栗縣泰安鄉)(苗栗縣泰安鄉)
020   ,2023-03-21 09:45:20,121.306,23.6413,5.4,8.5,4,花蓮縣政府西南方  50.2  公里 (位於花蓮縣萬榮鄉)(花蓮縣萬榮鄉)
小區域有感地震,2023-03-03 22:48:44,121.906,24.8585,5,108.7,2,宜蘭縣政府東北方  20.2  公里 (位於宜蘭縣近海)(宜蘭縣近海)
016   ,2023-03-03 00:48:59,121.831,24.5282,4.9,11.3,4,宜蘭縣政府南南東方  23.5  公里 (位於宜蘭縣南澳鄉)(宜蘭縣南澳鄉)
012   ,2023-02-19 07:32:33,121.634,24.67,4.6,54.6,3,宜蘭縣政府西南西方  14.7  公里 (位於宜蘭縣三星鄉)(宜蘭縣三星鄉)
008   ,2023-02-08 18:49:59,121.549,23.4445,5.6,36.7,4,花蓮縣政府南方  61.0  公里 (位於花蓮縣近海)(花蓮縣近海)
007   ,2023-02-08 05:48:48,121.83,24.7468,4.5,79.1,2,宜蘭縣政府東北東方  7.0  公里 (位於宜蘭縣近海)(宜蘭縣近海)
006   ,2023-02-07 04:20:17,121.76,24.2727,5.1,22.1,4,花蓮縣政府北北東方  34.3  公里 (位於花蓮縣近海)(花蓮縣近海)
小區域有感地震,2023-01-15 15:48:44,121.163,24.9075,3.1,4.2,2,桃園市政府西南西方  16.9  公里 (位於桃園市楊梅區)(桃園市楊梅區)
小區域有感地震,2023-01-05 08:15:41,121.161,24.9123,3.4,5.1,2,桃園市政府西南西方  16.8  公里 (位於桃園市楊梅區)(桃園市楊梅區)
181   ,2022-12-15 12:03:16,121.845,23.7787,6.5,16.3,5弱,花蓮縣政府東南方  32.8  公里 (位於臺灣東部海域)(臺灣東部海域)
175   ,2022-12-08 00:54:28,121.601,23.7967,5.6,29.7,4,花蓮縣政府南方  21.6  公里 (位於花蓮縣近海)(花蓮縣近海)
174   ,2022-11-27 01:38:04,121.637,23.8575,5.6,36,4,花蓮縣政府南方  14.9  公里 (位於花蓮縣近海)(花蓮縣近海)
173   ,2022-11-20 09:49:41,121.951,24.6543,5.1,68.9,3,宜蘭縣政府東南東方  20.8  公里 (位於臺灣東部海域)(臺灣東部海域)
163   ,2022-11-01 16:30:11,122.546,24.7022,5.8,109.8,3,宜蘭縣政府東方  79.3  公里 (位於臺灣東部海域)(臺灣東部海域)
160   ,2022-10-28 23:30:43,122.018,24.6222,5.2,63.9,3,宜蘭縣政府東南東方  28.5  公里 (位於臺灣東部海域)(臺灣東部海域)
156   ,2022-10-11 03:24:42,122.22,23.999,6,21,4,花蓮縣政府東方  61.0  公里 (位於臺灣東部海域)(臺灣東部海域)
149   ,2022-10-03 04:25:22,121.479,23.4872,5.3,24.8,4,花蓮縣政府南南西方  57.6  公里 (位於花蓮縣瑞穗鄉)(花蓮縣瑞穗鄉)
137   ,2022-09-19 10:07:45,121.299,23.441,6,13.4,5弱,花蓮縣政府南南西方  69.1  公里 (位於花蓮縣卓溪鄉)(花蓮縣卓溪鄉)
127   ,2022-09-18 17:39:55,121.299,23.2713,5.8,11.5,5強,花蓮縣政府南南西方  86.2  公里 (位於花蓮縣富里鄉)(花蓮縣富里鄉)
123   ,2022-09-18 16:46:31,121.177,23.1213,5.6,13.9,4,臺東縣政府北方  40.7  公里 (位於臺東縣池上鄉)(臺東縣池上鄉)
111   ,2022-09-18 14:44:15,121.196,23.137,6.8,7.8,6強,臺東縣政府北方  42.6  公里 (位於臺東縣池上鄉)(臺東縣池上鄉)
109   ,2022-09-18 14:32:03,121.195,23.1408,5.7,7.8,4,臺東縣政府北方  43.0  公里 (位於臺東縣池上鄉)(臺東縣池上鄉)
107   ,2022-09-18 13:19:19,121.182,23.1305,6.1,12.1,5強,臺東縣政府北方  41.7  公里 (位於臺東縣池上鄉)(臺東縣池上鄉)
090   ,2022-09-17 22:45:28,121.194,23.1167,5.8,5.8,5強,臺東縣政府北方  40.3  公里 (位於臺東縣池上鄉)(臺東縣池上鄉)
086   ,2022-09-17 21:41:19,121.161,23.084,6.6,8.6,6強,臺東縣政府北方  36.4  公里 (位於臺東縣關山鎮)(臺東縣關山鎮)
082   ,2022-07-25 07:44:31,120.979,24.4577,4.4,6.3,3,苗栗縣政府東南方  19.9  公里 (位於苗栗縣泰安鄉)(苗栗縣泰安鄉)
小區域有感地震,2022-07-15 16:16:43,122.24,24.7405,5.1,96,2,宜蘭縣政府東方  48.2  公里 (位於臺灣東部海域)(臺灣東部海域)
小區域有感地震,2022-07-10 15:09:52,121.814,24.598,4.4,70,1,宜蘭縣政府南南東方  15.6  公里 (位於宜蘭縣蘇澳鎮)(宜蘭縣蘇澳鎮)
060   ,2022-06-20 09:39:42,121.465,23.7267,5.1,9.5,4,花蓮縣政府南南西方  33.3  公里 (位於花蓮縣鳳林鎮)(花蓮縣鳳林鎮)
059   ,2022-06-20 09:05:07,121.454,23.6855,6,7,5弱,花蓮縣政府南南西方  37.8  公里 (位於花蓮縣鳳林鎮)(花蓮縣鳳林鎮)
057   ,2022-06-16 19:00:55,121.652,24.5815,4.4,64.4,2,宜蘭縣政府西南方  20.0  公里 (位於宜蘭縣大同鄉)(宜蘭縣大同鄉)
小區域有感地震,2022-05-09 23:35:35,122.212,24.822,4.9,111.9,2,宜蘭縣政府東北東方  46.5  公里 (位於臺灣東部海域)(臺灣東部海域)
054   ,2022-05-09 14:23:03,122.526,23.9702,6.2,16.8,3,花蓮縣政府東方  92.2  公里 (位於臺灣東部海域)(臺灣東部海域)
050   ,2022-04-24 01:53:48,121.825,24.6327,5.1,69.3,3,宜蘭縣政府南南東方  12.6  公里 (位於宜蘭縣蘇澳鎮)(宜蘭縣蘇澳鎮)
032   ,2022-03-24 08:38:26,121.432,23.4442,5.7,25,4,花蓮縣政府南南西方  63.5  公里 (位於花蓮縣玉里鎮)(花蓮縣玉里鎮)
024   ,2022-03-23 04:29:59,121.43,23.419,6,22.6,4,臺東縣政府北北東方  78.9  公里 (位於臺東縣長濱鄉)(臺東縣長濱鄉)
023   ,2022-03-23 03:35:03,121.501,23.4812,5.8,28.9,4,花蓮縣政府南南西方  57.8  公里 (位於花蓮縣豐濱鄉)(花蓮縣豐濱鄉)
020   ,2022-03-23 01:43:25,121.428,23.423,6.2,22.6,4,臺東縣政府北北東方  79.2  公里 (位於臺東縣長濱鄉)(臺東縣長濱鄉)
019   ,2022-03-23 01:41:38,121.612,23.3985,6.7,25.7,6弱,花蓮縣政府南方  65.6  公里 (位於臺灣東部海域)(臺灣東部海域)
014   ,2022-03-09 20:22:14,121.428,23.2552,5.7,33.4,4,臺東縣政府北北東方  62.2  公里 (位於臺東縣近海)(臺東縣近海)
小區域有感地震,2022-03-06 11:51:56,122.227,24.8147,5.2,110.6,2,宜蘭縣政府東方  47.8  公里 (位於臺灣東部海域)(臺灣東部海域)
012   ,2022-02-12 00:43:13,122.272,24.0317,5.6,26.4,3,花蓮縣政府東方  66.4  公里 (位於臺灣東部海域)(臺灣東部海域)
小區域有感地震,2022-02-08 10:59:47,121.013,24.7055,3.2,5.4,2,新竹縣政府南方  13.5  公里 (位於新竹縣峨眉鄉)(新竹縣峨眉鄉)
011   ,2022-02-07 18:58:25,121.944,24.4053,5.6,34.6,4,宜蘭縣政府南南東方  40.4  公里 (位於臺灣東部海域)(臺灣東部海域)
小區域有感地震,2022-02-05 11:54:49,121.001,24.6957,3.2,8.1,2,新竹縣政府南方  14.6  公里 (位於新竹縣峨眉鄉)(新竹縣峨眉鄉)
小區域有感地震,2022-02-05 11:52:47,121.021,24.7007,3.7,6,3,新竹縣政府南方  14.0  公里 (位於新竹縣峨眉鄉)(新竹縣峨眉鄉)
小區域有感地震,2022-02-04 19:22:18,121.028,24.6888,3,6.2,2,新竹縣政府南方  15.4  公里 (位於新竹縣峨眉鄉)(新竹縣峨眉鄉)
小區域有感地震,2022-02-04 16:55:36,121.015,24.7022,3.1,6.3,3,新竹縣政府南方  13.8  公里 (位於新竹縣峨眉鄉)(新竹縣峨眉鄉)
小區域有感地震,2022-02-04 15:42:57,121.024,24.6975,3.4,6.4,3,新竹縣政府南方  14.4  公里 (位於新竹縣峨眉鄉)(新竹縣峨眉鄉)
小區域有感地震,2022-02-04 15:28:47,121.021,24.696,3.1,6.1,2,新竹縣政府南方  14.5  公里 (位於新竹縣峨眉鄉)(新竹縣峨眉鄉)
小區域有感地震,2022-02-04 15:28:10,121.021,24.702,3.3,5.7,2,新竹縣政府南方  13.9  公里 (位於新竹縣峨眉鄉)(新竹縣峨眉鄉)
小區域有感地震,2022-02-04 15:06:20,121.023,24.6983,3.8,6.3,3,新竹縣政府南方  14.3  公里 (位於新竹縣峨眉鄉)(新竹縣峨眉鄉)
小區域有感地震,2022-02-04 14:50:52,121.02,24.698,3.9,6.1,4,新竹縣政府南方  14.3  公里 (位於新竹縣峨眉鄉)(新竹縣峨眉鄉)
小區域有感地震,2022-02-04 11:01:20,121.024,24.6965,2.7,6,2,新竹縣政府南方  14.5  公里 (位於新竹縣峨眉鄉)(新竹縣峨眉鄉)
小區域有感地震,2022-02-04 10:44:15,121.021,24.6968,3.4,6.3,3,新竹縣政府南方  14.4  公里 (位於新竹縣峨眉鄉)(新竹縣峨眉鄉)
小區域有感地震,2022-01-30 00:30:55,121.183,24.892,3.7,8.8,4,桃園市政府西南方  16.3  公里 (位於桃園市龍潭區)(桃園市龍潭區)
007   ,2022-01-25 22:35:53,121.951,24.6282,5.1,64.7,3,宜蘭縣政府東南東方  22.2  公里 (位於宜蘭縣近海)(宜蘭縣近海)
004   ,2022-01-16 16:15:41,122.248,24.1843,5.6,55.5,3,花蓮縣政府東北東方  67.3  公里 (位於臺灣東部海域)(臺灣東部海域)
001   ,2022-01-03 17:46:37,122.171,24.0203,6,22.4,4,花蓮縣政府東方  56.1  公里 (位於臺灣東部海域)(臺灣東部海域)
113   ,2021-12-30 14:47:09,122.515,23.9833,5.5,29.7,3,花蓮縣政府東方  91.0  公里 (位於臺灣東部海域)(臺灣東部海域)
110   ,2021-12-06 21:05:51,122.048,24.8557,5.5,105.4,3,宜蘭縣政府東北東方  31.9  公里 (位於臺灣東部海域)(臺灣東部海域)
小區域有感地震,2021-11-24 17:55:18,122.412,24.0545,5.3,26.8,3,花蓮縣政府東方  80.9  公里 (位於臺灣東部海域)(臺灣東部海域)
107   ,2021-11-17 10:25:35,122.18,24.7838,5.3,10,3,宜蘭縣政府東方  42.6  公里 (位於臺灣東部海域)(臺灣東部海域)
106   ,2021-11-14 21:05:15,121.935,24.5743,5.4,66.2,3,宜蘭縣政府東南方  24.6  公里 (位於宜蘭縣近海)(宜蘭縣近海)
104   ,2021-10-24 13:12:42,121.777,24.5677,5.5,64.1,3,宜蘭縣政府南方  18.1  公里 (位於宜蘭縣南澳鄉)(宜蘭縣南澳鄉)
103   ,2021-10-24 13:11:34,121.775,24.5333,6.5,65.6,4,宜蘭縣政府南方  21.9  公里 (位於宜蘭縣南澳鄉)(宜蘭縣南澳鄉)
100   ,2021-10-23 11:16:04,121.652,24.0678,5.3,26.8,4,花蓮縣政府北北東方  9.1  公里 (位於花蓮縣近海)(花蓮縣近海)
099   ,2021-10-18 13:49:18,121.67,24.2002,5.2,31.4,4,花蓮縣政府北北東方  23.7  公里 (位於花蓮縣近海)(花蓮縣近海)
096   ,2021-09-26 06:21:19,121.683,24.317,5.7,46.1,4,花蓮縣政府北方  36.7  公里 (位於花蓮縣秀林鄉)(花蓮縣秀林鄉)
094   ,2021-09-13 18:41:27,121.013,24.1233,5.6,46.1,4,南投縣政府東北方  41.0  公里 (位於南投縣仁愛鄉)(南投縣仁愛鄉)
093   ,2021-09-06 22:00:26,122.077,23.85,5.9,41.1,4,花蓮縣政府東南東方  49.0  公里 (位於臺灣東部海域)(臺灣東部海域)
小區域有感地震,2021-08-30 17:47:25,121.991,24.6495,4.6,62.4,2,宜蘭縣政府東南東方  24.7  公里 (位於臺灣東部海域)(臺灣東部海域)
079   ,2021-08-06 16:11:04,122.19,24.7907,5.6,13.3,3,宜蘭縣政府東方  43.6  公里 (位於臺灣東部海域)(臺灣東部海域)
078   ,2021-08-05 05:56:27,122.277,24.7788,5.3,16.5,3,宜蘭縣政府東方  52.3  公里 (位於臺灣東部海域)(臺灣東部海域)
077   ,2021-08-05 05:50:45,122.317,24.7963,6,7,4,宜蘭縣政府東方  56.4  公里 (位於臺灣東部海域)(臺灣東部海域)
057   ,2021-07-14 06:52:05,121.6,23.935,5.4,8.7,5弱,花蓮縣政府南南西方  6.5  公里 (位於花蓮縣壽豐鄉)(花蓮縣壽豐鄉)
055   ,2021-07-08 06:11:55,121.567,23.8923,5.5,8.2,4,花蓮縣政府南南西方  12.2  公里 (位於花蓮縣壽豐鄉)(花蓮縣壽豐鄉)
053   ,2021-07-07 19:24:58,121.57,23.8928,5.4,6.8,5弱,花蓮縣政府南南西方  12.0  公里 (位於花蓮縣壽豐鄉)(花蓮縣壽豐鄉)
050   ,2021-07-05 23:12:31,121.454,23.8833,4.7,22,4,花蓮縣政府西南西方  20.7  公里 (位於花蓮縣秀林鄉)(花蓮縣秀林鄉)
047   ,2021-06-23 13:40:24,121.499,24.0657,4.8,23.6,4,花蓮縣政府西北西方  14.8  公里 (位於花蓮縣秀林鄉)(花蓮縣秀林鄉)
040   ,2021-06-11 15:33:26,121.53,23.8903,5.4,10.6,5弱,花蓮縣政府西南方  14.4  公里 (位於花蓮縣壽豐鄉)(花蓮縣壽豐鄉)
026   ,2021-04-18 22:14:37,121.48,23.86,6.2,14.4,5強,花蓮縣政府西南方  20.4  公里 (位於花蓮縣壽豐鄉)(花蓮縣壽豐鄉)
025   ,2021-04-18 22:11:39,121.48,23.87,5.8,16.3,5弱,花蓮縣政府西南方  19.1  公里 (位於花蓮縣壽豐鄉)(花蓮縣壽豐鄉)
小區域有感地震,2021-04-08 08:28:21,122.03,24.69,4.5,68,2,宜蘭縣政府東方  27.0  公里 (位於臺灣東部海域)(臺灣東部海域)
021   ,2021-03-28 14:41:18,122.75,24.54,5.5,94.7,3,宜蘭縣政府東方  102.2  公里 (位於臺灣東部海域)(臺灣東部海域)
014   ,2021-02-09 00:58:02,122.02,24.37,5.6,24.7,4,宜蘭縣政府東南方  47.6  公里 (位於臺灣東部海域)(臺灣東部海域)
012   ,2021-02-07 01:36:03,122.61,24.66,6.2,111.3,3,宜蘭縣政府東方  85.7  公里 (位於臺灣東部海域)(臺灣東部海域)
小區域有感地震,2021-01-25 19:39:23,122.19,24.83,5,100.4,3,宜蘭縣政府東偏北方  44.8  公里 (位於臺灣東部海域)(臺灣東部海域)
006   ,2021-01-10 11:23:29,121.44,23.78,4.9,13.7,4,花蓮縣政府西南方  29.1  公里 (位於花蓮縣萬榮鄉)(花蓮縣萬榮鄉)
005   ,2021-01-09 19:35:53,122.02,24.73,5.8,72,3,宜蘭縣政府東方  25.7  公里 (位於臺灣東部海域)(臺灣東部海域)
小區域有感地震,2020-12-15 02:45:33,122.02,24.72,4.4,67.8,2,宜蘭縣政府東方  26.4  公里 (位於臺灣東部海域)(臺灣東部海域)
073   ,2020-12-11 02:15:08,121.97,24.53,5.7,62.7,4,宜蘭縣政府東南方  30.8  公里 (位於臺灣東部海域)(臺灣東部海域)
072   ,2020-12-10 21:19:58,122,24.74,6.6,75.7,4,宜蘭縣政府東方  24.3  公里 (位於臺灣東部海域)(臺灣東部海域)
071   ,2020-12-10 13:29:38,121.55,23.45,5.4,38,4,花蓮縣政府南方  60.0  公里 (位於花蓮縣近海)(花蓮縣近海)
小區域有感地震,2020-11-30 09:57:12,121.55,24.82,4.3,85.3,2,新北市政府南偏東方  22.5  公里 (位於新北市烏來區)(新北市烏來區)
059   ,2020-10-12 23:39:44,121.9,24.51,4.8,10.9,4,宜蘭縣政府南偏東方  28.5  公里 (位於宜蘭縣近海)(宜蘭縣近海)
057   ,2020-10-04 03:46:24,120.83,24.21,4.2,27.2,3,臺中市政府東偏北方  17.5  公里 (位於臺中市東勢區)(臺中市東勢區)
056   ,2020-09-30 12:37:20,122.1,24.84,6,106,4,宜蘭縣政府東偏北方  36.0  公里 (位於臺灣東部海域)(臺灣東部海域)
043   ,2020-08-11 09:01:05,121.93,24.72,4.8,73.9,3,宜蘭縣政府東方  17.1  公里 (位於臺灣東部海域)(臺灣東部海域)
042   ,2020-07-26 20:52:29,122.42,24.26,6.2,53.6,4,宜蘭縣政府東南方  85.0  公里 (位於臺灣東部海域)(臺灣東部海域)
039   ,2020-07-09 11:24:23,121.68,24.15,4.9,29.4,3,花蓮縣政府北偏東方  18.6  公里 (位於花蓮縣近海)(花蓮縣近海)
033   ,2020-06-17 07:17:00,121.97,24.63,4.8,61.4,3,宜蘭縣政府東偏南方  24.2  公里 (位於臺灣東部海域)(臺灣東部海域)
032   ,2020-06-14 04:18:59,122.44,24.26,6,55.6,3,宜蘭縣政府東南方  85.6  公里 (位於臺灣東部海域)(臺灣東部海域)
028   ,2020-05-30 21:02:30,121.55,24.1,4.8,17.5,4,花蓮縣政府北偏西方  13.6  公里 (位於花蓮縣秀林鄉)(花蓮縣秀林鄉)
026   ,2020-05-25 06:31:30,121.95,24.36,5.2,23.8,4,宜蘭縣政府南偏東方  45.5  公里 (位於臺灣東部海域)(臺灣東部海域)
025   ,2020-05-03 11:24:40,121.57,23.24,5.9,40.3,4,臺東縣政府東北方  68.8  公里 (位於臺灣東部海域)(臺灣東部海域)
017   ,2020-02-26 13:34:15,121.62,23.88,4.9,26.5,4,花蓮縣政府南方  12.7  公里 (位於花蓮縣近海)(花蓮縣近海)
015   ,2020-02-25 19:14:02,121.41,24.39,5.3,5.1,5弱,宜蘭縣政府西南方  52.2  公里 (位於宜蘭縣大同鄉)(宜蘭縣大同鄉)
009   ,2020-02-15 19:05:00,121.52,23.85,5.3,9.1,4,花蓮縣政府西南方  18.7  公里 (位於花蓮縣壽豐鄉)(花蓮縣壽豐鄉)
008   ,2020-02-15 19:00:06,121.51,23.86,5.7,8.3,4,花蓮縣政府西南方  18.6  公里 (位於花蓮縣壽豐鄉)(花蓮縣壽豐鄉)
小區域有感地震,2020-01-10 19:49:21,120.98,24.65,3.1,8.6,2,苗栗縣政府東偏北方  18.9  公里 (位於苗栗縣三灣鄉)(苗栗縣三灣鄉)
065   ,2019-12-16 19:25:57,121.76,24.54,5.2,49.7,4,宜蘭縣政府南方  21.0  公里 (位於宜蘭縣南澳鄉)(宜蘭縣南澳鄉)
062   ,2019-12-07 03:32:33,122.68,24.56,5,100.4,3,宜蘭縣政府東方  94.7  公里 (位於臺灣東部海域)(臺灣東部海域)
059   ,2019-10-17 19:44:33,122.5,24.03,5.6,29.6,3,花蓮縣政府東方  89.7  公里 (位於臺灣東部海域)(臺灣東部海域)
小區域有感地震,2019-09-19 22:50:21,121.8,24.78,3.9,80.5,2,宜蘭縣政府東北方  7.1  公里 (位於宜蘭縣壯圍鄉)(宜蘭縣壯圍鄉)
050   ,2019-08-08 05:28:03,121.91,24.44,6.2,24.2,6,宜蘭縣政府南偏東方  35.9  公里 (位於臺灣東部海域)(臺灣東部海域)
小區域有感地震,2019-07-04 07:06:00,121.04,24.66,2.5,7.3,2,新竹縣政府南方  18.4  公里 (位於新竹縣北埔鄉)(新竹縣北埔鄉)
036   ,2019-05-13 16:55:21,121.9,24.75,5.2,88,3,宜蘭縣政府東方  14.1  公里 (位於宜蘭縣近海)(宜蘭縣近海)
035   ,2019-05-03 05:47:43,121.91,24.83,4.3,101.1,3,宜蘭縣政府東偏北方  18.5  公里 (位於宜蘭縣近海)(宜蘭縣近海)
小區域有感地震,2019-04-25 06:07:16,120.95,24.62,2.8,5.5,2,苗栗縣政府東偏北方  14.5  公里 (位於苗栗縣三灣鄉)(苗栗縣三灣鄉)
031   ,2019-04-18 13:01:07,121.56,24.05,6.3,20.3,7,花蓮縣政府西北方  9.4  公里 (位於花蓮縣秀林鄉)(花蓮縣秀林鄉)
小區域有感地震,2019-04-12 09:03:07,121.14,24.69,2.6,6.7,2,新竹縣政府東南方  19.6  公里 (位於新竹縣橫山鄉)(新竹縣橫山鄉)
029   ,2019-04-10 06:57:52,121.88,24.19,5,25.7,4,花蓮縣政府東北方  34.1  公里 (位於臺灣東部海域)(臺灣東部海域)
022   ,2019-04-03 09:52:55,120.85,22.95,5.9,4.1,4,臺東縣政府西偏北方  37.5  公里 (位於臺東縣延平鄉)(臺東縣延平鄉)
小區域有感地震,2019-04-01 10:54:35,122.24,24.93,5.1,128.6,3,宜蘭縣政府東偏北方  53.3  公里 (位於臺灣東部海域)(臺灣東部海域)
021   ,2019-03-19 12:01:34,121.93,24.75,4.9,83.2,3,宜蘭縣政府東方  17.5  公里 (位於臺灣東部海域)(臺灣東部海域)
017   ,2019-03-13 12:32:34,121.59,23.6,5.4,35.9,4,花蓮縣政府南方  44.0  公里 (位於花蓮縣近海)(花蓮縣近海)
016   ,2019-03-13 04:19:15,121.86,25.02,5.3,138,2,新北市政府東方  39.4  公里 (位於新北市雙溪區)(新北市雙溪區)
小區域有感地震,2019-02-03 08:16:04,121.16,24.94,3,17.7,1,桃園市政府西偏南方  16.0  公里 (位於桃園市楊梅區)(桃園市楊梅區)
006   ,2019-01-30 13:21:36,122.39,23.75,5.9,38.8,4,花蓮縣政府東偏南方  82.4  公里 (位於臺灣東部海域)(臺灣東部海域)
小區域有感地震,2018-12-31 19:45:46,120.99,24.62,2.6,8.9,2,苗栗縣政府東偏北方  18.8  公里 (位於苗栗縣南庄鄉)(苗栗縣南庄鄉)
137   ,2018-12-16 05:21:05,121.91,23.73,5.8,32.9,4,花蓮縣政府東南方  41.0  公里 (位於臺灣東部海域)(臺灣東部海域)
小區域有感地震,2018-12-11 19:08:31,121.03,24.73,1.9,5.9,2,新竹縣政府南方  10.4  公里 (位於新竹縣寶山鄉)(新竹縣寶山鄉)
133   ,2018-12-09 23:15:41,121.52,24.05,5.1,19.7,5,花蓮縣政府西偏北方  12.5  公里 (位於花蓮縣秀林鄉)(花蓮縣秀林鄉)
131   ,2018-11-26 07:57:23,118.52,23.38,6.2,12.3,3,澎湖縣政府西方  108.4  公里 (位於臺灣西部海域)(臺灣西部海域)
129   ,2018-11-20 00:31:34,121.92,24.41,4.7,39.2,4,宜蘭縣政府南偏東方  38.9  公里 (位於臺灣東部海域)(臺灣東部海域)
小區域有感地震,2018-11-16 10:01:35,121.81,24.79,4.4,82.3,2,宜蘭縣政府東北方  8.2  公里 (位於宜蘭縣壯圍鄉)(宜蘭縣壯圍鄉)
125   ,2018-10-24 00:04:04,122.63,23.99,5.9,30.1,3,花蓮縣政府東方  102.8  公里 (位於臺灣東部海域)(臺灣東部海域)
124   ,2018-10-23 12:34:58,122.62,24,6.1,31.2,3,花蓮縣政府東方  102.2  公里 (位於臺灣東部海域)(臺灣東部海域)
小區域有感地震,2018-10-07 13:41:05,121.01,24.72,3.6,6.5,4,新竹縣政府南方  11.9  公里 (位於新竹縣寶山鄉)(新竹縣寶山鄉)
小區域有感地震,2018-09-29 15:08:32,120.99,24.72,1.8,7.7,1,新竹縣政府南方  11.8  公里 (位於新竹縣寶山鄉)(新竹縣寶山鄉)
小區域有感地震,2018-09-07 16:15:27,120.98,24.71,2,10.4,2,新竹縣政府南偏西方  13.5  公里 (位於新竹縣峨眉鄉)(新竹縣峨眉鄉)
小區域有感地震,2018-09-05 01:45:56,121.01,24.67,2.2,6.4,2,新竹縣政府南方  17.6  公里 (位於新竹縣峨眉鄉)(新竹縣峨眉鄉)
114   ,2018-08-18 08:15:17,121,24.02,5.1,19.2,4,南投縣政府東偏北方  34.5  公里 (位於南投縣仁愛鄉)(南投縣仁愛鄉)
113   ,2018-08-17 18:09:42,121.01,24.01,4.9,18.8,4,南投縣政府東偏北方  35.1  公里 (位於南投縣埔里鎮)(南投縣埔里鎮)
109   ,2018-07-14 19:46:07,121.8,24.56,4.3,67.4,2,宜蘭縣政府南偏東方  19.3  公里 (位於宜蘭縣南澳鄉)(宜蘭縣南澳鄉)
096   ,2018-06-16 04:53:55,121.84,24.67,5.3,63.2,4,宜蘭縣政府東南方  10.3  公里 (位於宜蘭縣近海)(宜蘭縣近海)
092   ,2018-06-02 10:01:10,121.05,23.89,4.7,18.3,3,南投縣政府東方  36.6  公里 (位於南投縣仁愛鄉)(南投縣仁愛鄉)
小區域有感地震,2018-05-18 11:54:43,121.02,24.76,2.3,4.7,2,新竹市政府東南方  6.8  公里 (位於新竹市東區)(新竹市東區)
小區域有感地震,2018-05-15 16:14:59,121.02,24.76,1.3,4.6,1,新竹市政府東南方  6.9  公里 (位於新竹市東區)(新竹市東區)
086   ,2018-05-02 07:47:04,122.36,24.02,5.5,24.8,3,花蓮縣政府東方  75.5  公里 (位於臺灣東部海域)(臺灣東部海域)
小區域有感地震,2018-04-27 16:01:02,121,24.76,1.9,5.1,1,新竹市政府東南方  6.2  公里 (位於新竹縣寶山鄉)(新竹縣寶山鄉)
076   ,2018-03-29 08:17:50,121.01,24,5,11.1,4,南投縣政府東偏北方  34.9  公里 (位於南投縣埔里鎮)(南投縣埔里鎮)
075   ,2018-03-28 18:29:57,121.98,24.65,4.9,63.7,3,宜蘭縣政府東偏南方  23.4  公里 (位於臺灣東部海域)(臺灣東部海域)
071   ,2018-03-06 17:42:10,121.86,24.7,4.9,81.7,3,宜蘭縣政府東偏南方  10.7  公里 (位於宜蘭縣近海)(宜蘭縣近海)
069   ,2018-02-26 02:28:40,121.9,24.43,5.4,22.1,5,宜蘭縣政府南偏東方  35.8  公里 (位於臺灣東部海域)(臺灣東部海域)
小區域有感地震,2018-02-25 03:56:05,121.8,24.79,4.3,77.3,2,宜蘭縣政府東北方  7.5  公里 (位於宜蘭縣壯圍鄉)(宜蘭縣壯圍鄉)
067   ,2018-02-22 07:10:41,121.53,23.41,5.6,35.6,5,花蓮縣政府南方  64.6  公里 (位於臺東縣近海)(臺東縣近海)
066   ,2018-02-19 22:47:01,121.61,24.59,5.5,52.7,5,宜蘭縣政府西南方  21.9  公里 (位於宜蘭縣大同鄉)(宜蘭縣大同鄉)
048   ,2018-02-07 23:21:30,121.78,24.08,5.8,7.8,4,花蓮縣政府東偏北方  18.9  公里 (位於臺灣東部海域)(臺灣東部海域)
039   ,2018-02-07 11:36:18,121.74,24.08,5.1,7.4,3,花蓮縣政府東北方  15.6  公里 (位於臺灣東部海域)(臺灣東部海域)
031   ,2018-02-07 03:15:28,121.73,24.01,5.4,5.7,4,花蓮縣政府東方  11.1  公里 (位於花蓮縣近海)(花蓮縣近海)
022   ,2018-02-06 23:50:41,121.73,24.1,6.2,6.3,7,花蓮縣政府東北方  16.5  公里 (位於臺灣東部海域)(臺灣東部海域)
011   ,2018-02-04 22:13:12,121.72,24.15,5.5,10.3,5,花蓮縣政府北偏東方  20.2  公里 (位於花蓮縣近海)(花蓮縣近海)
008   ,2018-02-04 21:56:40,121.74,24.15,5.8,10.6,5,花蓮縣政府東北方  21.7  公里 (位於花蓮縣近海)(花蓮縣近海)
小區域有感地震,2017-12-21 05:52:42,121.14,24.69,2.6,5.6,2,新竹縣政府東南方  19.4  公里 (位於新竹縣橫山鄉)(新竹縣橫山鄉)
小區域有感地震,2017-12-21 05:12:06,121.14,24.69,3,5.9,3,新竹縣政府東南方  19.6  公里 (位於新竹縣橫山鄉)(新竹縣橫山鄉)
小區域有感地震,2017-12-08 08:00:43,121.95,24.79,4,94.6,2,宜蘭縣政府東偏北方  20.2  公里 (位於臺灣東部海域)(臺灣東部海域)
057   ,2017-11-24 04:55:32,120.71,23.59,5,16.4,4,雲林縣政府東偏南方  22.3  公里 (位於雲林縣古坑鄉)(雲林縣古坑鄉)
055   ,2017-11-22 22:20:09,120.72,23.58,5.6,15.2,5,雲林縣政府東偏南方  23.7  公里 (位於雲林縣古坑鄉)(雲林縣古坑鄉)
小區域有感地震,2017-11-14 06:32:44,121.08,24.78,1.9,6.6,1,新竹縣政府東南方  9.0  公里 (位於新竹縣芎林鄉)(新竹縣芎林鄉)
054   ,2017-11-12 06:54:20,122.01,24.7,4.6,71.4,3,宜蘭縣政府東方  24.8  公里 (位於臺灣東部海域)(臺灣東部海域)
051   ,2017-11-11 20:22:53,120.71,23.64,5.2,14.9,5,雲林縣政府東偏南方  19.9  公里 (位於南投縣竹山鎮)(南投縣竹山鎮)
042   ,2017-09-20 22:29:56,121.78,23.32,5.8,29,5,花蓮縣政府南偏東方  76.5  公里 (位於臺灣東部海域)(臺灣東部海域)
040   ,2017-09-11 10:25:41,122.06,24.77,4.7,70.5,3,宜蘭縣政府東方  30.5  公里 (位於臺灣東部海域)(臺灣東部海域)
小區域有感地震,2017-07-18 12:21:53,121.05,24.74,2,6.5,1,新竹縣政府南偏東方  10.7  公里 (位於新竹縣寶山鄉)(新竹縣寶山鄉)
029   ,2017-06-21 15:25:39,121.92,24.66,5,62.8,4,宜蘭縣政府東偏南方  18.2  公里 (位於宜蘭縣近海)(宜蘭縣近海)
027   ,2017-06-11 00:46:20,121.63,24.62,4,58.1,2,宜蘭縣政府西南方  18.5  公里 (位於宜蘭縣大同鄉)(宜蘭縣大同鄉)
014   ,2017-03-08 06:10:51,122.1,24.31,5.2,59.9,4,宜蘭縣政府東南方  58.0  公里 (位於臺灣東部海域)(臺灣東部海域)
小區域有感地震,2017-02-07 15:16:45,121.05,24.66,3,5.1,3,新竹市政府南偏東方  18.6  公里 (位於新竹縣北埔鄉)(新竹縣北埔鄉)
112   ,2016-12-30 08:30:51,122.08,24.81,5.2,75.2,3,宜蘭縣政府東偏北方  33.1  公里 (位於臺灣東部海域)(臺灣東部海域)
小區域有感地震,2016-12-26 13:35:15,120.87,24.73,3.4,9.5,3,新竹市政府西南方  13.2  公里 (位於苗栗縣竹南鎮)(苗栗縣竹南鎮)
108   ,2016-12-09 12:09:48,122.05,24.71,5.2,63.1,3,宜蘭縣政府東方  28.8  公里 (位於臺灣東部海域)(臺灣東部海域)
104   ,2016-11-25 05:55:54,122.41,24.08,5.5,27.5,3,花蓮縣政府東方  81.2  公里 (位於臺灣東部海域)(臺灣東部海域)
小區域有感地震,2016-11-13 17:14:27,121.1,24.74,2.7,9.2,2,新竹縣政府東南方  13.1  公里 (位於新竹縣芎林鄉)(新竹縣芎林鄉)
小區域有感地震,2016-10-29 14:44:05,121.55,24.71,3.6,31.6,2,宜蘭縣政府西方  22.1  公里 (位於宜蘭縣大同鄉)(宜蘭縣大同鄉)
097   ,2016-10-06 23:52:00,121.34,22.63,6.2,23.7,5,臺東縣政府東偏南方  24.4  公里 (位於臺灣東部海域)(臺灣東部海域)
094   ,2016-09-28 17:38:12,122.75,24.45,5.5,96.9,2,宜蘭縣政府東偏南方  105.1  公里 (位於臺灣東部海域)(臺灣東部海域)
小區域有感地震,2016-09-12 23:02:06,121.02,24.7,3,9,2,新竹市政府南偏東方  12.4  公里 (位於新竹縣峨眉鄉)(新竹縣峨眉鄉)
小區域有感地震,2016-09-03 07:21:17,120.97,24.77,1.9,3.9,1,新竹市政府南方  4.1  公里 (位於新竹市東區)(新竹市東區)
091   ,2016-09-01 00:28:54,121.97,24.46,4.9,18,5,宜蘭縣政府東南方  36.8  公里 (位於臺灣東部海域)(臺灣東部海域)
088   ,2016-07-27 12:02:35,121.75,24.27,4.8,7.7,5,花蓮縣政府北偏東方  33.4  公里 (位於花蓮縣近海)(花蓮縣近海)
087   ,2016-07-20 20:55:33,120.99,24.14,4.5,38,3,臺中市政府東方  31.2  公里 (位於臺中市和平區)(臺中市和平區)
085   ,2016-07-16 09:19:26,120.87,24.73,3.9,9.7,4,新竹市政府西南方  13.0  公里 (位於苗栗縣竹南鎮)(苗栗縣竹南鎮)
077   ,2016-05-31 13:23:46,122.68,25.49,6.9,256.9,4,基隆市政府東偏北方  102.5  公里(基隆市政府東偏北方  102.5  公里)
064   ,2016-05-13 16:24:12,121.98,24.68,5.2,9.8,4,宜蘭縣政府東偏南方  23.0  公里(宜蘭縣政府東偏南方  23.0  公里)
063   ,2016-05-12 12:29:55,122.02,24.69,5.7,12,5,宜蘭縣政府東方  26.1  公里(宜蘭縣政府東方  26.1  公里)
060   ,2016-05-12 11:17:15,121.98,24.69,6.1,8.9,6,宜蘭縣政府東方  22.4  公里(宜蘭縣政府東方  22.4  公里)
057   ,2016-05-08 10:46:33,121.02,23.99,4.9,19.1,4,南投縣政府東偏北方  35.4  公里(南投縣政府東偏北方  35.4  公里)
小區域有感地震,2016-05-06 12:36:02,121.75,24.65,4.2,74.6,2,宜蘭縣政府南方  8.8  公里(宜蘭縣政府南方  8.8  公里)
040   ,2016-04-28 02:19:06,121.23,23.28,5.5,15.2,5,臺東縣政府北方  59.1  公里(臺東縣政府北方  59.1  公里)
031   ,2016-04-27 23:17:14,121.78,24.24,5.7,11.9,5,花蓮縣政府北偏東方  32.0  公里(花蓮縣政府北偏東方  32.0  公里)
023   ,2016-04-11 13:45:09,122.12,24.55,5.7,59.8,4,宜蘭縣政府東偏南方  41.7  公里(宜蘭縣政府東偏南方  41.7  公里)
小區域有感地震,2016-04-11 11:25:24,121.79,24.56,4.2,65.4,2,宜蘭縣政府南方  19.6  公里(宜蘭縣政府南方  19.6  公里)
021   ,2016-03-06 02:11:06,121.77,24.72,4.7,70.5,3,宜蘭縣政府南偏東方  1.8  公里(宜蘭縣政府南偏東方  1.8  公里)
006   ,2016-02-06 03:57:26,120.54,22.92,6.6,14.6,7,屏東縣政府北偏東方  27.1  公里 (位於高雄市美濃區)(高雄市美濃區)
005   ,2016-02-02 22:19:21,123.54,25.42,6.7,203.7,3,基隆市政府東方  183.2  公里(基隆市政府東方  183.2  公里)
小區域有感地震,2016-01-01 06:33:55,121.08,24.76,2.3,7.5,3,新竹縣政府東南方  10.0  公里 (位於新竹縣芎林鄉)(新竹縣芎林鄉)
小區域有感地震,2015-12-18 02:38:38,121.02,24.73,2.5,8.4,2,新竹市政府東南方  9.7  公里 (位於新竹縣寶山鄉)(新竹縣寶山鄉)
084   ,2015-11-11 23:33:19,122.75,24.47,5.5,95.6,3,宜蘭縣政府東偏南方  104.3  公里 (位於臺灣東部海域)(臺灣東部海域)
078   ,2015-10-19 10:17:35,122.01,24.86,5.3,14.4,4,宜蘭縣政府東偏北方  29.1  公里 (位於臺灣東部海域)(臺灣東部海域)
小區域有感地震,2015-10-06 22:28:27,121.61,24.63,4.3,57.2,3,宜蘭縣政府西南方  19.1  公里 (位於宜蘭縣大同鄉)(宜蘭縣大同鄉)
063   ,2015-09-30 03:37:45,121.51,24.02,4.8,18.7,4,花蓮縣政府西偏北方  12.0  公里 (位於花蓮縣秀林鄉)(花蓮縣秀林鄉)
057   ,2015-09-16 21:08:59,121.83,24.28,5.6,20.2,5,花蓮縣政府東北方  38.8  公里 (位於花蓮縣近海)(花蓮縣近海)
051   ,2015-09-16 03:37:35,121.82,24.25,5.7,19.8,5,花蓮縣政府東北方  35.0  公里 (位於花蓮縣近海)(花蓮縣近海)
小區域有感地震,2015-09-10 02:13:34,121.08,24.72,2.4,6.1,2,新竹縣政府南偏東方  14.2  公里 (位於新竹縣竹東鎮)(新竹縣竹東鎮)
045   ,2015-09-01 21:24:45,121.49,23.91,5.5,17.1,6,花蓮縣政府西偏南方  15.6  公里 (位於花蓮縣秀林鄉)(花蓮縣秀林鄉)
小區域有感地震,2015-08-14 03:38:57,121.02,24.76,1.7,3.4,1,新竹市政府東南方  6.8  公里 (位於新竹市東區)(新竹市東區)
小區域有感地震,2015-08-14 03:02:40,121.01,24.76,1.5,3.9,1,新竹市政府東南方  6.8  公里 (位於新竹市東區)(新竹市東區)
043   ,2015-08-13 22:08:02,122.39,24.02,5.7,25.5,3,花蓮縣政府東方  78.5  公里 (位於臺灣東部海域)(臺灣東部海域)
042   ,2015-08-01 15:36:02,121.82,24.73,4.2,78.4,2,宜蘭縣政府東方  5.8  公里 (位於宜蘭縣壯圍鄉)(宜蘭縣壯圍鄉)
040   ,2015-07-28 14:59:10,121.43,24.43,4.7,6,6,宜蘭縣政府西南方  47.2  公里 (位於宜蘭縣大同鄉)(宜蘭縣大同鄉)
小區域有感地震,2015-07-06 09:59:26,121.2,24.67,3.1,10,3,新竹縣政府東南方  25.9  公里 (位於新竹縣尖石鄉)(新竹縣尖石鄉)
小區域有感地震,2015-06-06 11:37:08,121.06,24.24,4,5.5,3,臺中市政府東偏北方  40.7  公里 (位於臺中市和平區)(臺中市和平區)
028   ,2015-05-11 16:38:21,120.43,24.56,4.9,12.3,2,苗栗縣政府西方  39.2  公里 (位於臺灣西部海域)(臺灣西部海域)
小區域有感地震,2015-05-09 20:32:53,121.2,24.66,3.5,10,2,新竹縣政府東南方  27.0  公里 (位於新竹縣尖石鄉)(新竹縣尖石鄉)
026   ,2015-04-26 04:01:37,122.53,23.93,5.7,34.8,3,花蓮縣政府東方  93.2  公里 (位於臺灣東部海域)(臺灣東部海域)
025   ,2015-04-20 19:59:59,122.51,23.96,6,29.4,3,花蓮縣政府東方  90.8  公里 (位於臺灣東部海域)(臺灣東部海域)
024   ,2015-04-20 19:45:13,122.51,24.04,6.2,33.9,3,花蓮縣政府東方  90.3  公里 (位於臺灣東部海域)(臺灣東部海域)
023   ,2015-04-20 19:20:47,121.66,23.66,5.5,38.3,4,花蓮縣政府南方  36.9  公里 (位於臺灣東部海域)(臺灣東部海域)
022   ,2015-04-20 09:42:56,122.44,24.02,6.4,30.6,4,花蓮縣政府東方  83.6  公里 (位於臺灣東部海域)(臺灣東部海域)
015   ,2015-03-23 18:13:51,121.67,23.73,6.2,38.4,6,花蓮縣政府南方  29.8  公里 (位於臺灣東部海域)(臺灣東部海域)
012   ,2015-02-27 00:50:03,122.3,24.69,5.3,97.6,3,宜蘭縣政府東方  55.0  公里 (位於臺灣東部海域)(臺灣東部海域)
011   ,2015-02-14 04:06:31,121.4,22.66,6.3,27.8,5,臺東縣政府東偏南方  27.4  公里 (位於臺灣東部海域)(臺灣東部海域)
010   ,2015-02-12 15:35:35,121.7,24.27,4.7,29.7,4,花蓮縣政府北偏東方  31.5  公里 (位於花蓮縣秀林鄉)(花蓮縣秀林鄉)
003   ,2015-01-07 12:48:32,121.69,24.26,5.5,30.4,5,花蓮縣政府北偏東方  30.6  公里 (位於花蓮縣秀林鄉)(花蓮縣秀林鄉)
002   ,2015-01-05 13:53:46,122.02,24.69,5.1,73.8,3,宜蘭縣政府東方  26.2  公里 (位於臺灣東部海域)(臺灣東部海域)
154   ,2014-12-31 15:54:36,122.57,24.59,5.6,96.1,3,宜蘭縣政府東方  82.8  公里 (位於臺灣東部海域)(臺灣東部海域)
153   ,2014-12-31 11:06:04,121.79,24.82,5.1,68.9,3,宜蘭縣政府北偏東方  10.7  公里 (位於宜蘭縣礁溪鄉)(宜蘭縣礁溪鄉)
148   ,2014-12-11 05:03:39,122.61,25.45,6.7,268.6,3,基隆市政府東偏北方  93.6  公里 (位於臺灣東北部海域)(臺灣東北部海域)
139   ,2014-11-20 01:46:21,122.06,24.9,5.2,13.9,4,宜蘭縣政府東偏北方  35.4  公里 (位於臺灣東部海域)(臺灣東部海域)
小區域有感地震,2014-11-19 13:18:03,121.06,24.73,2.6,14.2,1,新竹縣政府南偏東方  12.3  公里 (位於新竹縣北埔鄉)(新竹縣北埔鄉)
127   ,2014-10-26 12:47:01,122.18,24.73,5,86,3,宜蘭縣政府東方  42.5  公里 (位於臺灣東部海域)(臺灣東部海域)
小區域有感地震,2014-10-19 17:50:45,121.02,24.7,2.9,6,2,新竹市政府南偏東方  12.4  公里 (位於新竹縣峨眉鄉)(新竹縣峨眉鄉)
121   ,2014-10-08 02:08:10,121.58,23.64,5.2,33.4,4,花蓮縣政府南方  39.3  公里 (位於花蓮縣近海)(花蓮縣近海)
小區域有感地震,2014-08-17 06:52:51,121.02,24.71,2.3,6.2,1,新竹市政府南偏東方  11.8  公里 (位於新竹縣峨眉鄉)(新竹縣峨眉鄉)
089   ,2014-06-22 20:26:14,122.61,24.71,5.3,97.4,2,宜蘭縣政府東方  85.3  公里 (位於臺灣東部海域)(臺灣東部海域)
小區域有感地震,2014-06-01 22:54:20,121.12,24.7,2.7,7,2,新竹縣政府東南方  17.9  公里 (位於新竹縣橫山鄉)(新竹縣橫山鄉)
小區域有感地震,2014-06-01 22:05:54,121.12,24.7,3.2,8.9,3,新竹縣政府東南方  17.9  公里 (位於新竹縣橫山鄉)(新竹縣橫山鄉)
小區域有感地震,2014-06-01 22:02:14,121.12,24.7,2.8,6.4,3,新竹縣政府東南方  18.0  公里 (位於新竹縣橫山鄉)(新竹縣橫山鄉)
079   ,2014-05-31 10:51:53,121.11,24.7,4.2,9.2,5,新竹縣政府東南方  17.7  公里 (位於新竹縣橫山鄉)(新竹縣橫山鄉)
070   ,2014-05-21 08:21:13,121.43,23.74,5.9,16.5,6,花蓮縣政府西南方  34.2  公里 (位於花蓮縣鳳林鎮)(花蓮縣鳳林鎮)
065   ,2014-05-04 20:43:36,121.65,23.94,5.2,36,4,花蓮縣政府南偏東方  6.7  公里 (位於花蓮縣近海)(花蓮縣近海)
小區域有感地震,2014-05-02 05:26:01,120.98,24.76,2.3,5.2,3,新竹市政府南偏東方  5.0  公里 (位於新竹縣寶山鄉)(新竹縣寶山鄉)
042   ,2014-03-19 20:19:26,122.32,24.01,5.8,23,3,花蓮縣政府東方  71.3  公里 (位於臺灣東部海域)(臺灣東部海域)
033   ,2014-02-22 04:25:17,121.6,24.7,5.6,60.9,5,宜蘭縣政府西方  16.8  公里 (位於宜蘭縣大同鄉)(宜蘭縣大同鄉)
022   ,2014-02-08 01:39:31,121.11,24.7,3.4,8.4,4,新竹縣政府東南方  17.1  公里 (位於新竹縣橫山鄉)(新竹縣橫山鄉)
小區域有感地震,2014-02-05 19:17:11,121.1,24.7,2.6,10.9,3,新竹縣政府東南方  16.4  公里 (位於新竹縣橫山鄉)(新竹縣橫山鄉)
